{"cameraMode":{"drawMode":0,"name":"Shaded","section":"Shading Mode"},"sceneLighting":true,"audioPlay":false,"sceneViewState":{"m_AlwaysRefresh":false,"showFog":true,"showSkybox":true,"showFlares":true,"showImageEffects":true,"showParticleSystems":true,"showVisualEffectGraphs":true,"m_FxEnabled":true},"in2DMode":false,"pivot":{"x":81.19939422607422,"y":243.8662109375,"z":105.09158325195313},"rotation":{"x":0.14380638301372529,"y":-0.007423748262226582,"z":0.0010912611614912749,"w":0.9895767569541931},"size":828.7564086914063,"orthographic":false}